dejanaasevic|deynass24|Dejana|Sevic|3
zeljanaasevic|zeljana123|Zeljana|Sevic|1
zeljkosevic|zeljko123|Zeljko|Sevic|1
veliborkasevic|veliborka123|Veliborka|Sevic|1
katicabozic|katica123|Katica|Bozic|1
nikolijabozic|nikolija123|Nikolija|Bozic|1
radislavbozic|radislav123|Radislav|Bozic|1
goranbozic|goran123|Goran|Bozic|1
nedeljkobozic|nedeljko123|Nedeljko|Bozic|1
stasabozic|stasa123|Stasa|Bozic|1
nemanjalukic|nemanja123|Nemanja|Lukic|2
nemanjamilosevic|nemanja123|Nemanja|Milosevic|2
lukastupar|luka123|Luka|Stupar|2
saradosevic|sara123|Sara|Radosevic|2
aleksandarobuhov|aleksandar123|Aleksandar|Obuhov|2
nikolajmolcanov|nikolaj123|Nikolaj|Molcanov|2
maksimvujnic|maksim123|Maksim|Vujnic|2
urosvasiljevic|uros123|Uros|Vasiljevic|2
nikolavlacic|nikola123|Nikola|Vlacic|2
verakrsev|vera123|Vera|Krsev|2
anaparoski|anap123|Ana|Paroski|3
stasazdravkovic|stasa123|Stasa|Zdravkovic|3
milicajovanic|milica123|Milica|Jovanic|3
sofijazoric|sofija123|Sofija|Zoric|3
isidorakorda|isidora123|Isidora|Korda|3
nikolapereski|nikola123|Nikola|Pereski|3
ognjenvujovic|ognjen123|Ognjen|Vujovic|3
vanjadanicic|vanja123|Vanja|Danicic|3
natasakondic|natasa123|Natasa|Kondic|3
andjelakumazec|andjela123|Andjela|Kumazec|1
admin|admin123|Admin|Admin|0